input,output
What's the weather like today?,The weather is sunny and warm.
Tell me a joke,Why don't scientists trust atoms? Because they make up everything!
What time is it?,It's currently 3:30 PM.
Play some music,Here's a playlist for you.
What's the capital of France?,The capital of France is Paris.
Tell me a fun fact,Did you know that honey never spoils? It can last for thousands of years!
What's the latest news?,Here are some headlines from today's news...
What's your name?,I'm your personal assistant. You can call me [Your Assistant's Name].
What's the capital of Japan?,The capital of Japan is Tokyo.
What's the population of New York City?,The population of New York City is approximately 8.4 million.
How do I say "hello" in Spanish?,The word for "hello" in Spanish is "hola".
